{"name":"14d35814-0c4c-4d7f-b6a2-9ca9ff7701aa","id":"/providers/Microsoft.Flow/flows/14d35814-0c4c-4d7f-b6a2-9ca9ff7701aa","type":"Microsoft.Flow/flows","properties":{"apiId":"/providers/Microsoft.PowerApps/apis/shared_logicflows","displayName":"Moderate Emails","definition":{"metadata":{"workflowEntityId":null,"processAdvisorMetadata":null,"flowclientsuspensionreason":"None","flowclientsuspensiontime":null,"flowclientsuspensionreasondetails":null,"creator":{"id":"71fd7fca-f87e-44b7-81b4-e5acfa314f79","type":"User","tenantId":"79f8134f-8056-4569-b5de-5bd62a6e0008"},"provisioningMethod":"FromDefinition","failureAlertSubscription":true,"clientLastModifiedTime":"2022-09-08T10:40:18.0130016Z"},"$schema":"https://schema.management.azure.com/providers/Microsoft.Logic/schemas/2016-06-01/workflowdefinition.json#","contentVersion":"1.0.0.0","parameters":{"$connections":{"defaultValue":{},"type":"Object"},"$authentication":{"defaultValue":{},"type":"SecureObject"}},"triggers":{"When_a_new_email_arrives":{"splitOn":"@triggerOutputs()?['body/value']","metadata":{"operationMetadataId":"609358da-c762-4842-8a96-6cbcf2d853d5"},"type":"OpenApiConnectionNotification","inputs":{"host":{"apiId":"/providers/Microsoft.PowerApps/apis/shared_office365","connectionName":"shared_office365","operationId":"OnNewEmailV3"},"parameters":{"folderPath":"Inbox","includeAttachments":false,"importance":"Any","fetchOnlyWithAttachment":false},"authentication":"@parameters('$authentication')"}}},"actions":{"Detect_profanity":{"runAfter":{"Html_to_text":["Succeeded"]},"metadata":{"operationMetadataId":"159d1c8f-d048-44ac-8d8d-3c28aa61f4d1"},"type":"OpenApiConnection","inputs":{"host":{"apiId":"/providers/Microsoft.PowerApps/apis/shared_cognitiveservicescontentmoderator","connectionName":"shared_cognitiveservicescontentmoderator","operationId":"ScreenText"},"parameters":{"Content-Type":"text/plain","Text Content":"@body('Html_to_text')","autocorrect":false,"classify":true},"authentication":"@parameters('$authentication')"}},"Condition":{"actions":{"Move_email_to_Review":{"runAfter":{},"metadata":{"Id::AAMkADYyY2NlNTEzLWM3NWUtNGI5Ni1iOTgzLWFjMTdiOGI4MzI1NAAuAAAAAABp7KJVMTGbSa47aPZD5L5JAQAgTHNLOrVjQaWuOQf44WmQAAKvquKYAAA=":"For Review","operationMetadataId":"b7c433da-f8e8-4ca7-ae54-3113212f3c19"},"type":"OpenApiConnection","inputs":{"host":{"apiId":"/providers/Microsoft.PowerApps/apis/shared_office365","connectionName":"shared_office365","operationId":"MoveV2"},"parameters":{"messageId":"@triggerOutputs()?['body/id']","folderPath":"Id::AAMkADYyY2NlNTEzLWM3NWUtNGI5Ni1iOTgzLWFjMTdiOGI4MzI1NAAuAAAAAABp7KJVMTGbSa47aPZD5L5JAQAgTHNLOrVjQaWuOQf44WmQAAKvquKYAAA="},"authentication":"@parameters('$authentication')"}}},"runAfter":{"Detect_profanity":["Succeeded"]},"expression":{"equals":["@outputs('Detect_profanity')?['body/Classification/ReviewRecommended']",true]},"metadata":{"operationMetadataId":"2e588468-951f-4ff2-9fb0-fb5fc681007f"},"type":"If"},"Html_to_text":{"runAfter":{},"metadata":{"operationMetadataId":"a0082fd5-f49e-4136-a9fc-19a523445c8d"},"type":"OpenApiConnection","inputs":{"host":{"apiId":"/providers/Microsoft.PowerApps/apis/shared_conversionservice","connectionName":"shared_conversionservice","operationId":"HtmlToText"},"parameters":{"Content":"<p>@{triggerOutputs()?['body/body']}</p>"},"authentication":"@parameters('$authentication')"}}}},"connectionReferences":{"shared_cognitiveservicescontentmoderator":{"connectionName":"shared-cognitiveserv-07f98b28-389c-447f-a82f-c40b62760566","source":"Embedded","id":"/providers/Microsoft.PowerApps/apis/shared_cognitiveservicescontentmoderator","tier":"NotSpecified"},"shared_office365":{"connectionName":"53378d183f924b57a18f78a2a6973987","source":"Embedded","id":"/providers/Microsoft.PowerApps/apis/shared_office365","tier":"NotSpecified"},"shared_conversionservice":{"connectionName":"shared-conversionser-2fde2a48-e7ea-4f11-8347-e9713bf9519b","source":"Embedded","id":"/providers/Microsoft.PowerApps/apis/shared_conversionservice","tier":"NotSpecified"}},"flowFailureAlertSubscribed":false,"isManaged":false}}